{
    "n_results": 20, 
    "boost_dict": {
        "category": 0.08962309625236509, 
        "paper": 1.5419571656285616, 
        "text": 1.0558143115463618
    }, 
    "alpha": 1
}