{
    "boost_dict":{
        "category": 0.9353338909809019,
        "paper": 2.471768789824002,
        "text": 2.815544505155288
    },
    "alpha":0.9
}