{"boost_dict": {"category": 2.4542322611256355, "paper": 1.4225317885901219, "text": 1.9479982311584607}, "alpha": 0.1780985829329771, "rrf": 0, "k": 67}