{
    "boost_dict":{
        "category": 1.3363782475591928,
        "paper": 1.723769131509511,
        "text": 1.4854316318119176
    },
    "alpha":0.9
}