{
    "boost_dict": {
        "category": 2.929045533967244, 
        "paper": 2.948397953982448, 
        "text": 2.73834686069514
    }, 
    "alpha": 0.1003540150371196, 
    "rrf": 0, 
    "k": 86
}