{
    "boost_dict": {
      "category": 2.903764967645502,
      "paper": 0.6323336051521776,
      "text": 2.1479318697981338
    },
    "alpha": 0.3737468123409873,
    "rrf": 0,
    "k": 68
  }